{
    "alpha": 0.01670261008264691,
    "l1_ratio": 0.03583147696144118
}
