{
    "RandomForestRegressor": {
        "RMSE": 1.472791108940537,
        "MAE": 1.128932735016274,
        "R2": 0.5597648368979269
    },
    "XGBRegressor": {
        "RMSE": 1.3870344665186412,
        "MAE": 1.0411404421398944,
        "R2": 0.6095396611780065
    },
    "LGBMRegressor": {
        "RMSE": 1.3808315156649644,
        "MAE": 1.039682474444471,
        "R2": 0.6130242041052543
    },
    "CatBoostRegressor": {
        "RMSE": 1.3843300639709741,
        "MAE": 1.0455688110540604,
        "R2": 0.6110607949600845
    },
    "ElasticNet": {
        "RMSE": 1.7051339806047927,
        "MAE": 1.3498374039372176,
        "R2": 0.40990839068308094
    }
}